origin,h,S,log_w
2015-01,1,0.00024019585437560012,-79.0462499169955
2015-01,2,0.0006994791163222602,-151.3730591311118
2015-01,3,0.0009422958535445485,-169.7460825840533
2015-01,4,0.001306441016050982,-1748.8036017325762
2015-01,5,0.0014213117973882333,-2779.411578734579
2015-01,6,0.0016199380868345825,-3358.8932838796572
2015-01,7,0.0015074631856651765,-3804.3199255572235
2015-01,8,0.0014181931129848262,-3997.57943162268
2015-01,9,0.0015334116745994875,-4136.589863687076
2015-01,10,0.0014475679044438014,-4200.1410729792215
2015-01,11,0.0013802832579862048,-4244.966291784037
2015-01,12,0.001198936988732805,-4295.018951663591
2015-02,1,0.00045433103116592627,-65.29355505843871
2015-02,2,0.0006967983361853038,-130.8548094909067
2015-02,3,0.0010584311382271089,-148.6003309857517
2015-02,4,0.0011736748053313845,-1660.405791923851
2015-02,5,0.001372094204175547,-2775.178723372337
2015-02,6,0.0012483103865109507,-3375.0843082273814
2015-02,7,0.0011599618398804561,-3838.4398297438447
2015-02,8,0.0012603633497215022,-4043.806118050146
2015-02,9,0.001177799302928455,-4182.691761806298
2015-02,10,0.0011130193413162563,-4239.602204625039
2015-02,11,0.000911675641879918,-4289.654864504593
2015-02,12,0.0013084707159032056,-4353.118699752755
2015-03,1,0.00024258061504674362,-58.88408210740343
2015-03,2,0.000602865358056922,-123.81783458177493
2015-03,3,0.0007196499422775938,-148.37631863371433
2015-03,4,0.0009190912587339062,-1761.4386618877243
2015-03,5,0.0007998032197530629,-2904.4692733196644
2015-03,6,0.0007172496079459623,-3525.1523926585105
2015-03,7,0.0007938644663948499,-4007.0241693668536
2015-03,8,0.0006817665138943441,-4212.2656693649105
2015-03,9,0.0006218474864645076,-4341.30581017214
2015-03,10,0.00042743018773741363,-4404.155857726845
2015-03,11,0.000804729949733152,-4467.619692975007
2015-03,12,0.001302260740211501,-4524.551694020667
2015-04,1,0.0003572319305896691,-58.25658014930695
2015-04,2,0.00047563342223579455,-136.4127681318081
2015-04,3,0.000674753151074247,-151.13060334837988
2015-04,4,0.0005621606519938399,-1798.1479358756528
2015-04,5,0.0004671479918330005,-2969.7898820648816
2015-04,6,0.0005435867602475927,-3611.837911240512
2015-04,7,0.00042784966211879653,-4093.584899640611
2015-04,8,0.00036229987206298775,-4286.844405706068
2015-04,9,0.00017403876186836836,-4425.028887724779
2015-04,10,0.0005387915066825053,-4502.714437970545
2015-04,11,0.001019050754704329,-4559.6464390162055
2015-04,12,0.0012043544243838973,-4610.4002606332
2015-05,1,0.00011954213436224902,-70.76685199621045
2015-05,2,0.00031725523367745825,-129.46818171679104
2015-05,3,0.00021038450871254354,-141.10849582286625
2015-05,4,0.00011601720275296844,-1822.4344723972374
2015-05,5,0.00018439673479790641,-3023.2751286967386
2015-05,6,8.525197789617002e-05,-3665.1983695641256
2015-05,7,9.421592342916812e-06,-4128.553891080589
2015-05,8,0.00018988697539944546,-4333.094229341206
2015-05,9,0.00016276763095091767,-4492.5236870020135
2015-05,10,0.0006376399380164221,-4562.9652393840515
2015-05,11,0.0008203733115448118,-4613.719061001046
2015-05,12,0.0010671207854429342,-4657.006166098951
2015-06,1,0.00019790110363969438,-52.380239226129106
2015-06,2,9.817345765740851e-05,-104.79931136069547
2015-06,3,5.1370353622084974e-06,-113.71575913010983
2015-06,4,5.9163119090877014e-05,-1829.9377551045625
2015-06,5,6.237787236010144e-05,-3030.65362309582
2015-06,6,0.0001490479869957692,-3651.336742434666
2015-06,7,0.00033705290185894257,-4132.382569097325
2015-06,8,6.502794952647356e-06,-4362.440864967395
2015-06,9,0.00046091385849852257,-4511.421588288957
2015-06,10,0.0006397142103276993,-4574.972797581102
2015-06,11,0.0008745753766222827,-4618.259902679008
2015-06,12,0.000830677582407716,-4681.723737927169
2015-07,1,9.453503281122745e-05,-46.45406347072797
2015-07,2,0.0001836588874898088,-92.94453279311584
2015-07,3,0.00014334812239425246,-99.72448957885177
2015-07,4,0.0002848967687765821,-1815.8216972450607
2015-07,5,0.00041688295408386956,-2987.4636434342897
2015-07,6,0.0006155588457328227,-3628.6857225642366
2015-07,7,0.0002797011231403853,-4148.068452738419
2015-07,8,0.0001593665611314011,-4365.541523285565
2015-07,9,0.0003231952507743354,-4504.4271670417165
2015-07,10,0.0005445024191224612,-4559.799496153548
2015-07,11,0.0004967787658057745,-4623.263331401709
2015-07,12,0.0004671092819813049,-4680.081546062912
2015-08,1,8.506871210173413e-05,-40.88154248916255
2015-08,2,4.431055628738821e-05,-82.03078435235432
2015-08,3,0.0001795352328624964,-88.68595282984651
2015-08,4,0.000315353412892027,-1770.0119294042177
2015-08,5,0.0005692725889268769,-2970.026635658035
2015-08,6,0.00027422815485507283,-3655.2829275893137
2015-08,7,0.0001583571836745925,-4155.6709594895365
2015-08,8,0.0003118980074967078,-4360.912459487594
2015-08,9,0.0005049036206685184,-4488.414486587913
2015-08,10,0.0004554566667255653,-4566.100036833679
2015-08,11,0.00042772592985306467,-4622.918251494882
2015-08,12,0.000636057211937751,-4686.382086743043
2015-09,1,3.62226810415589e-05,-35.896396860579515
2015-09,2,9.272708792615325e-05,-76.92085041552755
2015-09,3,0.00022351872095309998,-85.83729818494191
2015-09,4,0.0004934010293683854,-1801.2333441137107
2015-09,5,0.0002372800097304468,-3060.949863715835
2015-09,6,0.00016556402385633356,-3724.3628027282493
2015-09,7,0.0003126978100132143,-4206.109791128349
2015-09,8,0.0005005295242147892,-4397.8311834868955
2015-09,9,0.00042401806929938043,-4557.260641147703
2015-09,10,0.0003781362859940369,-4627.588407145283
2015-09,11,0.0005815747847763139,-4691.052242393444
2015-09,12,0.0005249251846455548,-4747.984243439105
2015-10,1,0.0001277520405616201,-35.77160855233578
2015-10,2,0.000253745109118372,-82.26207787472364
2015-10,3,0.0005163110128941703,-88.21608461477585
2015-10,4,0.00030581114451691364,-1874.7085624714698
2015-10,5,5.455339919598241e-05,-3104.747928881243
2015-10,6,0.00016892977581354184,-3746.67116974863
2015-10,7,0.000343806166242128,-4208.488577558183
2015-10,8,0.00027054150023187677,-4438.546873428253
2015-10,9,0.0002031773958139629,-4587.413810365357
2015-10,10,0.0003808910379245233,-4665.099360611122
2015-10,11,0.00032612405631259923,-4722.031361656783
2015-10,12,0.00012953362812464456,-4772.676251002874
2015-11,1,0.0001286843505332244,-40.88154248916255
2015-11,2,0.00038493410397624425,-81.20483430667059
2015-11,3,0.00017871714260119572,-84.19025220712915
2015-11,4,0.0001524486600327458,-1835.3082675816627
2015-11,5,0.000245961806241919,-3036.0241355729204
2015-11,6,0.00039715443066130895,-3655.1691412048567
2015-11,7,0.00032779543538383627,-4174.551871379039
2015-11,8,0.00026298448625728787,-4391.911155541727
2015-11,9,0.0004170439597594791,-4551.340613202534
2015-11,10,0.0003491088819808086,-4621.782165584572
2015-11,11,0.00015574319614622845,-4672.427054930663
2015-11,12,6.689190693715593e-05,-4728.650613068551
2015-12,1,0.00025810124534854026,-35.070446814895796
2015-12,2,5.571664768055668e-05,-66.0156768417749
2015-12,3,0.00025983684056364847,-70.65914264383241
2015-12,4,0.000320436828479897,-1786.7563503100414
2015-12,5,0.00042239251359688177,-2956.8601827923603
2015-12,6,0.0003515056401244042,-3642.116474723639
2015-12,7,0.00028868426371151876,-4142.390720239404
2015-12,8,0.00043987289284687803,-4372.449016109474
2015-12,9,0.0003525882764416769,-4521.429739431035
2015-12,10,0.0001545031442785269,-4584.872016452277
2015-12,11,6.587478497790001e-05,-4641.095574590166
2015-12,12,4.126549815973348e-05,-4711.562405952576
2016-01,1,0.0001844111786043299,-26.404548685493
2016-01,2,0.0004916354428321093,-62.212563089488725
2016-01,3,0.000553254878439843,-68.86773156698092
2016-01,4,0.0006130918524895309,-1748.6555944344423
2016-01,5,0.00047431150463967276,-3008.372114036566
2016-01,6,0.00040469263881383246,-3671.671266664523
2016-01,7,0.0005508658070738272,-4191.053996838706
2016-01,8,0.00046301986023133176,-4408.527067385851
2016-01,9,0.00023810241993656254,-4547.3037788711
2016-01,10,9.951911598867803e-06,-4617.036888345366
2016-01,11,9.782416002983383e-05,-4687.503719707776
2016-01,12,7.770606788770531e-05,-4757.970551070187
2016-02,1,0.0002978330088605546,-30.91125123199654
2016-02,2,0.0003519150616666175,-71.93570478694457
2016-02,3,0.00040578253567602647,-79.31403884944908
2016-02,4,0.000240844249907151,-1865.8065167061432
2016-02,5,9.998777647851707e-05,-3095.732096731458
2016-02,6,0.00022706068234008142,-3780.9883886627367
2016-02,7,0.00014437990446226207,-4281.3764205629595
2016-02,8,7.403425043142012e-05,-4486.508988290114
2016-02,9,0.00032651952248164036,-4634.781268703903
2016-02,10,0.0002309505110192414,-4720.181978725144
2016-02,11,0.0002491703174461752,-4790.648810087555
2016-02,12,0.0002833013979315589,-4860.874639700487
2016-03,1,5.668789444177383e-05,-35.77160855233578
2016-03,2,0.00010001192858626832,-80.72396416781379
2016-03,3,6.182385624848609e-05,-83.70938206827235
2016-03,4,0.00022742420997283724,-1834.7136110583483
2016-03,5,0.00011971706687438806,-3094.430130660472
2016-03,6,0.00021709336736478856,-3757.8430696728865
2016-03,7,0.0004334443901451235,-4239.481125802083
2016-03,8,0.0006804350387414997,-4456.245753441456
2016-03,9,0.0005950047147934524,-4626.595107353256
2016-03,10,0.0006113557908649578,-4711.995817374497
2016-03,11,0.0006424556129821547,-4782.221646987429
2016-03,12,0.00044673563878205,-4859.079828543334
2016-04,1,4.6062007141247155e-05,-39.34342878225269
2016-04,2,0.00012001744822047553,-70.28865880913179
2016-04,3,0.0002883170586627862,-74.81833822673173
2016-04,4,0.0002450908611953068,-1861.3108160834258
2016-04,5,0.0003426810695615042,-3091.3501824931986
2016-04,6,0.0005482978092987562,-3733.1644910896825
2016-04,7,0.0007854923436484843,-4232.844080082134
2016-04,8,0.0007195444029353595,-4475.958763186874
2016-04,9,0.0007500266403444467,-4646.308117098674
2016-04,10,0.0007804096931575471,-4731.467825370437
2016-04,11,0.0005916330905634277,-4808.3260069263415
2016-04,12,0.0006889107026439708,-4901.563952690447
2016-05,1,0.00015864335674186693,-26.404548685493
2016-05,2,0.0003293205740305437,-62.09877670503114
2016-05,3,0.00030356833934624787,-65.0841946054897
2016-05,4,0.0004563895705128537,-1816.2022099800233
2016-05,5,0.0006806865888758212,-3016.8091457003775
2016-05,6,0.0009098462778846924,-3679.51364180502
2016-05,7,0.0008439369097186355,-4218.362232164909
2016-05,8,0.0008866147622866105,-4461.47691526965
2016-05,9,0.0009210185084029959,-4631.585267431971
2016-05,10,0.0007368492441230225,-4724.089491307932
2016-05,11,0.000830618714061029,-4817.327437072037
2016-05,12,0.0005779699902435801,-4910.565382836143
2016-06,1,0.0001641642581032103,-30.797464847538965
2016-06,2,0.00013537078637609976,-61.74269487441807
2016-06,3,0.00030855797303857343,-66.38616067647558
2016-06,4,0.0005849749752312441,-1782.3744360717815
2016-06,5,0.0008322761318036434,-3011.7053595737825
2016-06,6,0.0007681693958192445,-3719.2761663356723
2016-06,7,0.0008110593665637588,-4258.124756695562
2016-06,8,0.0008706619415107678,-4500.998438050824
2016-06,9,0.0007010138793311005,-4681.6560422928615
2016-06,10,0.0007931109327796136,-4791.964357699476
2016-06,11,0.0005426937279855177,-4885.202303463581
2016-06,12,0.0005478160895645871,-4978.191966307876
2016-07,1,3.202186970166412e-05,-26.404548685493
2016-07,2,0.00013313079702416668,-62.212563089488725
2016-07,3,0.00044004710730887776,-68.758799296078
2016-07,4,0.0007476618302347787,-1819.1683717628396
2016-07,5,0.0007015759328199301,-3109.033206469063
2016-07,6,0.0007404741445608976,-3816.6040132309527
2016-07,7,0.0007979107010035987,-4355.2116018413635
2016-07,8,0.0006413486461478721,-4610.77102626002
2016-07,9,0.0007315868292596802,-4815.642194983747
2016-07,10,0.0004838950786643474,-4925.950510390361
2016-07,11,0.000488086558012908,-5018.940173234656
2016-07,12,0.0005691300871986148,-5120.475800013665
2016-08,1,0.00015795734249021438,-30.91125123199654
2016-08,2,0.00045880062745427483,-71.82677251604166
2016-08,3,0.0007979898981745198,-75.76179541032721
2016-08,4,0.00080663086988689,-1898.0998976609294
2016-08,5,0.0008659581850082657,-3187.9647323671525
2016-08,6,0.0009219640716186658,-3895.2945373795637
2016-08,7,0.0007736935785037638,-4452.997342004404
2016-08,8,0.0008634556634669974,-4737.043312872107
2016-08,9,0.000619558467185281,-4941.914481595833
2016-08,10,0.0006241776757990539,-5051.974514082637
2016-08,11,0.0007031417983775429,-5153.5101408616465
2016-08,12,0.0006360008250278666,-5254.937968729853
2016-09,1,0.0002923155032499335,-35.66267628143286
2016-09,2,0.0006295255556525575,-70.76224777765663
2016-09,3,0.0006782246094364664,-72.56077968826374
2016-09,4,0.0007645904478442572,-1894.8988819388658
2016-09,5,0.0008200669144040095,-3184.52271489561
2016-09,6,0.0006910034444366116,-3913.7963905673555
2016-09,7,0.0007890895596221834,-4512.804687543312
2016-09,8,0.000559451292807908,-4796.850658411015
2016-09,9,0.0005633584303190659,-5001.47354421493
2016-09,10,0.0006413644437048734,-5120.791704297674
2016-09,11,0.0005751031383872838,-5222.219532165881
2016-09,12,0.0008615200499169006,-5315.209195010176
2016-10,1,0.000327641088503995,-30.20280832422458
2016-10,2,0.00039501663599401677,-56.75641588573458
2016-10,3,0.0005275433017863148,-58.55494779634169
2016-10,4,0.0006240470005303015,-1880.652048297465
2016-10,5,0.0005037379157967993,-3200.0535521870315
2016-10,6,0.0006177783092808148,-3976.3300294997025
2016-10,7,0.0003918485746512417,-4575.3383264756585
2016-10,8,0.00040936121314587466,-4859.1360144235505
2016-10,9,0.0004919317103728787,-5076.2217642989235
2016-10,10,0.0004286712695939889,-5195.432125470865
2016-10,11,0.0007119534652159478,-5288.42178831516
2016-10,12,0.0008978387620021087,-5389.706705117581
2016-11,1,6.399751628718368e-05,-22.36900805073697
2016-11,2,0.00022229203025705968,-48.92261561224697
2016-11,3,0.00038964853779587666,-50.48014577337544
2016-11,4,0.0003109271170761334,-1908.0522264971305
2016-11,5,0.00042185255679138244,-3290.1241325745978
2016-11,6,0.00020449494833400805,-4066.4006098872687
2016-11,7,0.00022047161164575387,-4665.160623943415
2016-11,8,0.0003121363674987712,-4963.557666946443
2016-11,9,0.0002503945440791881,-5180.535617911013
2016-11,10,0.0005301468846024612,-5290.595650397817
2016-11,11,0.0007145097850599774,-5391.880567200238
2016-11,12,0.0017894065308163192,-5502.067529767986
2016-12,1,0.0001536503103885204,-22.36900805073697
2016-12,2,0.00033589039725502416,-48.68161386276833
2016-12,3,0.0003408365498052896,-48.68161386276833
2016-12,4,0.0005005215177620349,-1980.3187153540418
2016-12,5,0.00029328700587554716,-3362.3906214315093
2016-12,6,0.00030855684905813,-4138.41881582437
2016-12,7,0.0003982383867061987,-4758.187657886687
2016-12,8,0.0003514679430312445,-5056.476901978912
2016-12,9,0.000628625894138043,-5261.099787782828
2016-12,10,0.0008100175090798682,-5380.167237888983
2016-12,11,0.0018822381662114704,-5490.354200456732
2016-12,12,0.0031890350512693852,-5600.288025991114
2017-01,1,0.00017433048605040077,-22.128006301258328
2017-01,2,0.00022004257829469267,-43.67834547664356
2017-01,3,0.00045267696978127867,-43.67834547664356
2017-01,4,0.00030798786367609333,-1975.315446967917
2017-01,5,0.00033984855963036225,-3357.1390701255737
2017-01,6,0.0004265761583488771,-4157.02474716951
2017-01,7,0.0003803952710217731,-4776.685790321025
2017-01,8,0.0006630662977930857,-5060.483478268917
2017-01,9,0.0008422008522005588,-5277.318518167702
2017-01,10,0.0019142777576134822,-5406.00017770041
2017-01,11,0.0032241303162410416,-5515.934003234793
2017-01,12,0.00330566179605952,-5634.870392274973
2017-02,1,4.719996836472732e-05,-17.72182149522527
2017-02,2,0.00030247102524807133,-32.862687719575206
2017-02,3,0.00021796088548995535,-32.862687719575206
2017-02,4,0.0002991810526389565,-1964.2515062910381
2017-02,5,0.0003990273136027702,-3377.7664123732584
2017-02,6,0.0003523829386054521,-4177.544290506392
2017-02,7,0.0006327187847936797,-4776.304304562538
2017-02,8,0.0008133919622572965,-5074.450637588978
2017-02,9,0.0018766560278048322,-5304.104623389833
2017-02,10,0.003184500349233078,-5432.533145889176
2017-02,11,0.0032636871076545185,-5551.469534929356
2017-02,12,0.003191919121629268,-5679.919615655618
2017-03,1,0.0002523436704554866,-12.024512205416126
2017-03,2,0.00021154874818433804,-27.165378429766065
2017-03,3,0.00034315756449381125,-26.917095509955445
2017-03,4,0.0004970223496693609,-1995.6945062957916
2017-03,5,0.00046787085174700236,-3409.1016134672095
2017-03,6,0.0007402450579303763,-4185.12980786007
2017-03,7,0.0009248983496608094,-4804.647939945799
2017-03,8,0.0019873802913141963,-5117.749709857988
2017-03,9,0.0032929904951276958,-5347.150558625478
2017-03,10,0.003369645823599581,-5485.2938082918445
2017-03,11,0.003295643231411777,-5613.7438890181065
2017-03,12,0.002922319977880867,-5732.680278058287
2017-04,1,3.853668036166071e-05,-12.024512205416126
2017-04,2,0.0001509545118305762,-26.917095509955445
2017-04,3,0.00037372831682849425,-27.0248944207579
2017-04,4,0.00036934654123230073,-1995.6945062957914
2017-04,5,0.0006392360366744305,-3377.5181294534477
2017-04,6,0.0008184218076825664,-4177.153096520796
2017-04,7,0.0018799033100006662,-4818.036138443309
2017-04,8,0.0031838638332742277,-5130.884771322132
2017-04,9,0.0032581615633674255,-5373.205083732164
2017-04,10,0.003181477751989609,-5521.574188745839
2017-04,11,0.002816990312178377,-5640.510577786019
2017-04,12,0.002543484548663528,-5769.0611762527515
2017-05,1,0.0001837551068182893,-11.776229285605506
2017-05,2,0.000440444005649597,-23.82015794524024
2017-05,3,0.0005018087103762963,-23.82015794524024
2017-05,4,0.0007912822575239179,-1955.2089765167032
2017-05,5,0.0009731441853399548,-3368.4731726223354
2017-05,6,0.0020267021471686835,-4192.321704171372
2017-05,7,0.003338690888733297,-4832.95160906052
2017-05,8,0.003410906413150474,-5160.856196565564
2017-05,9,0.0033320779960172636,-5416.607100798421
2017-05,10,0.0029742912337450715,-5554.7503504647875
2017-05,11,0.0027036355804360736,-5683.30094893152
2017-05,12,0.002193659119000056,-5810.977056217022
2017-06,1,0.0002495939551881493,-9.283656471313993
2017-06,2,0.00037266468203864603,-21.21978622014627
2017-06,3,0.000729393641570604,-20.971503300335648
2017-06,4,0.0009315075178788906,-1989.4982041095836
2017-06,5,0.0019750148242991747,-3434.809764970392
2017-06,6,0.0032907055925978047,-4258.405159486064
2017-06,7,0.0033637147805427687,-4920.500491952467
2017-06,8,0.003282163265485933,-5263.972162264015
2017-06,9,0.0029314322410608938,-5506.292474674047
2017-06,10,0.002662135337414092,-5654.762097428193
2017-06,11,0.0021586322513496474,-5782.438204713695
2017-06,12,0.0018446930662818937,-5930.217222033534
2017-07,1,0.00012276073442875693,-9.175857560511538
2017-07,2,0.0005436872286842297,-24.068440865050857
2017-07,3,0.0008217891442814313,-23.925529799265366
2017-07,4,0.001866454847148701,-2030.1969046534984
2017-07,5,0.003180156917627017,-3475.2553284809414
2017-07,6,0.003260085506142601,-4323.164805218773
2017-07,7,0.0031756585617995136,-5007.2366934427155
2017-07,8,0.0028324550854715415,-5335.141280947759
2017-07,9,0.002562671568302051,-5590.992702921087
2017-07,10,0.002066091713834789,-5738.587834494002
2017-07,11,0.0017540135897154757,-5886.366851813841
2017-07,12,0.0016855038994699496,-6014.0429590993435
2017-08,1,0.0004189807817290975,-11.776229285605506
2017-08,2,0.0007499925397762954,-23.56944796865229
2017-08,3,0.0018543543664139642,-24.13870056409294
2017-08,4,0.0031645481026884095,-2030.1569383849608
2017-08,5,0.003243961230906438,-3507.363244708051
2017-08,6,0.0031692815418007366,-4380.097931848327
2017-08,7,0.0028336505019467073,-5042.19326431473
2017-08,8,0.002563729481293346,-5385.765452366749
2017-08,9,0.0020722629191513176,-5640.742383158847
2017-08,10,0.001759471690123293,-5809.864752088551
2017-08,11,0.0016918488928504768,-5937.540859374053
2017-08,12,0.0015082070186043482,-6085.869712835114
2017-09,1,0.0003559617289154689,-9.032946494726048
2017-09,2,0.0015538189304081873,-18.333592363481344
2017-09,3,0.002964229507794012,-18.64970792555672
2017-09,4,0.0030451820091115947,-2062.513137531881
2017-09,5,0.0029702709237396825,-3572.3784545309036
2017-09,6,0.0026551229996367182,-4420.287931268735
2017-09,7,0.002398839348269871,-5104.4603372331485
2017-09,8,0.001915217591124339,-5447.158034103936
2017-09,9,0.0016044769744767541,-5730.071675203858
2017-09,10,0.001537982909358586,-5877.666806776773
2017-09,11,0.0013561860384595425,-6025.995660237834
2017-09,12,0.0014276776533180902,-6174.06166843842
2017-10,1,0.001206938433628399,-6.896455511047629
2017-10,2,0.0026966413394966388,-15.94396434643765
2017-10,3,0.002869952485168332,-17.072761310209657
2017-10,4,0.002804123914145323,-2099.2925108822756
2017-10,5,0.002495983133408549,-3576.498817205366
2017-10,6,0.0022429168812377297,-4449.334022086113
2017-10,7,0.0017743524507868305,-5132.631936869296
2017-10,8,0.001464732622988782,-5507.539326015264
2017-10,9,0.001399380977939289,-5762.516256807362
2017-10,10,0.0012187524090278064,-5932.188461878288
2017-10,11,0.0012891213526061394,-6080.254470078874
2017-10,12,0.0013452075770450204,-6238.909696627714
2017-11,1,0.0015494545915186167,-6.643318477682352
2017-11,2,0.0018095217929046756,-13.29877223925132
2017-11,3,0.001870273895708728,-15.751378785005137
2017-11,4,0.0016169248268592326,-2059.6148083913295
2017-11,5,0.0013661338024902464,-3569.580643130823
2017-11,6,0.0009139484272722639,-4441.541356830339
2017-11,7,0.000613654419485658,-5169.867909790773
2017-11,8,0.0005495366505977612,-5512.565606661561
2017-11,9,0.0003705824475831567,-5796.029083902705
2017-11,10,0.0004411817605357209,-5965.438443713157
2017-11,11,0.0004989171304706948,-6124.0936702619965
2017-11,12,0.0006837590296350539,-6272.422523723058
2017-12,1,0.0003379153718137944,-4.6073452344743755
2017-12,2,0.0005150040271683226,-9.381872102507522
2017-12,3,0.0004510062493741024,-10.510669066279531
2017-12,4,0.0003542251513847577,-2092.830936378816
2017-12,5,3.201929665478699e-05,-3601.922279937079
2017-12,6,0.0003243487838959693,-4524.6089411036555
2017-12,7,0.0003743955831475394,-5207.9068558868385
2017-12,8,0.0005503571433710967,-5583.364081174029
2017-12,9,0.0004800682404190286,-5866.564713154698
2017-12,10,0.0004215812081576264,-6047.27545497463
2017-12,11,0.00024030091551785742,-6195.604308435691
2017-12,12,0.00015783887101140058,-6343.837498269836
2018-01,1,0.00017290444493331478,-3.082500171551624
2018-01,2,0.0001551177235136307,-9.737953933120593
2018-01,3,0.00015991194355513463,-12.291078219344882
2018-01,4,0.0001554448339607063,-2093.7368543506514
2018-01,5,0.00039104612358684555,-3669.2217459229496
2018-01,6,0.0004140995211560595,-4541.182459622466
2018-01,7,0.000580433056345149,-5270.058848724122
2018-01,8,0.0005110329535187039,-5645.253228750838
2018-01,9,0.0004519929787593236,-5942.959979216505
2018-01,10,0.00027350632517562316,-6112.632184287431
2018-01,11,0.00018790113391489466,-6260.865374121577
2018-01,12,0.00010941032649161055,-6399.0301820148625
2018-02,1,1.8381617004251116e-05,-4.6073452344743755
2018-02,2,6.036684130893491e-06,-9.482389842977994
2018-02,3,0.0001581591852798988,-11.161022947972032
2018-02,4,0.00034033043353426124,-2170.3949656729314
2018-02,5,0.0003388901199573016,-3679.4863092311944
2018-02,6,0.0004923745891178945,-4602.722806538994
2018-02,7,0.0004167636374629658,-5331.336350380176
2018-02,8,0.0003570957132224776,-5723.173339875568
2018-02,9,0.00018146041452238998,-6006.636817116711
2018-02,10,9.726649301890818e-05,-6176.213358560722
2018-02,11,1.80892664322441e-05,-6314.378166454007
2018-02,12,0.00018802298358809588,-6442.05427373951
2018-03,1,2.2790607233859513e-05,-3.183017912022096
2018-03,2,0.00010922383007914635,-7.183571339295463
2018-03,3,0.00016673930500933978,-12.585350270424343
2018-03,4,0.00012397965977316554,-2094.031126401731
2018-03,5,0.0002674836878699318,-3670.065854115251
2018-03,6,0.0001896318790960581,-4593.039506162575
2018-03,7,0.00013116170207842868,-5344.705132423468
2018-03,8,4.1922693107060253e-05,-5720.162357710658
2018-03,9,0.00012557528187836457,-6003.530171324886
2018-03,10,0.00020551344874490934,-6162.3261671668115
2018-03,11,0.00040714457793766725,-6290.002274452314
2018-03,12,0.00023841923144534132,-6438.331127913375
2018-04,1,0.00013067880381142233,-2.3085267307918436
2018-04,2,0.00014402434682534142,-3.6227530331647313
2018-04,3,1.2808399724036426e-05,-5.301386138158769
2018-04,4,0.0001223041616120737,-2165.08516500434
2018-04,5,4.3105432739690315e-05,-3740.8570474573858
2018-04,6,2.633434648781352e-05,-4689.7314365693255
2018-04,7,0.00019592476828071519,-5418.6078256709825
2018-04,8,0.0002774971682019643,-5793.969387331257
2018-04,9,0.0003587443916863043,-6063.351918867882
2018-04,10,0.0005552289275108663,-6210.947050440797
2018-04,11,0.000390942834443791,-6359.275903901858
2018-04,12,0.0003815319800946305,-6507.341912102444
2018-05,1,1.4904348464891103e-05,-0.33436326711751174
2018-05,2,0.0002227917460319818,-4.334916694390879
2018-05,3,0.00017803932033671078,-10.286531766741799
2018-05,4,0.0002735715641557302,-2169.807465372449
2018-05,5,0.00034244965908063023,-3779.3138851635986
2018-05,6,0.0005127038290482317,-4702.550382471398
2018-05,7,0.0005967783338080125,-5431.331107946138
2018-05,8,0.0006811886405991251,-5790.570896545131
2018-05,9,0.000874050556800455,-6045.547827337229
2018-05,10,0.0007129499905351956,-6215.220032408155
2018-05,11,0.0007049866271921518,-6363.286040608741
2018-05,12,0.0009615108565435328,-6521.769231410468
2018-06,1,0.00024124739342498182,-2.3085267307918436
2018-06,2,0.0003104647824310469,-4.172589174386773
2018-06,3,0.00046210704099869555,-9.861358986263117
2018-06,4,0.0005315110880385367,-2208.8141392198836
2018-06,5,0.0007064504159812243,-3784.8488669334038
2018-06,6,0.0007966976302543225,-4707.989700614286
2018-06,7,0.000883752086994696,-5414.23918007671
2018-06,8,0.0010738773388008298,-5756.936876947498
2018-06,9,0.0009168634585147387,-6040.400354188641
2018-06,10,0.0009100614869456216,-6209.809713999093
2018-06,11,0.0011632067965234739,-6368.29290480082
2018-06,12,0.001156131406520722,-6537.814632351552
2018-07,1,0.00013162065886637882,-0.8841994083395532
2018-07,2,0.000432027729291567,-2.485416591459906
2018-07,3,0.0005438361740628672,-10.573522647489257
2018-07,4,0.0007156049220335969,-2170.357301513671
2018-07,5,0.0008084406626625252,-3746.296365600275
2018-07,6,0.0008974570287183024,-4644.057298623937
2018-07,7,0.0010850647498024733,-5327.35521340712
2018-07,8,0.0009340397863553357,-5702.81243869431
2018-07,9,0.0009297018276100957,-5986.01307067498
2018-07,10,0.0011804179481784594,-6166.551776747798
2018-07,11,0.00117442630580683,-6336.07350429853
2018-07,12,0.0012095637805224681,-6505.5044223359
2018-08,1,0.00036162576781153914,-0.6213541478649767
2018-08,2,0.0006342232611864715,-1.4171710996206917
2018-08,3,0.0008427855010891146,-7.368786171971611
2018-08,4,0.0009346998725909611,-2167.0569014112375
2018-08,5,0.0010347500933390128,-3709.782264567133
2018-08,6,0.0012248006779622058,-4581.7429782666495
2018-08,7,0.0010767223866565614,-5310.6193673683065
2018-08,8,0.0010735041816808517,-5685.813747395023
2018-08,9,0.001323041122131531,-5983.348462113576
2018-08,10,0.001325423387184816,-6175.637868596625
2018-08,11,0.001367364410586121,-6345.068786633995
2018-08,12,0.0015448042843515014,-6503.551977435722
2018-09,1,0.00034007283443214867,-0.17203574711341085
2018-09,2,0.0006919906360747133,-2.03609819070834
2018-09,3,0.0008257503119232712,-7.8920496361434385
2018-09,4,0.0009267509341732054,-2128.6691546548914
2018-09,5,0.0011184782600514422,-3637.7604982131543
2018-09,6,0.0009842861790886823,-4560.996995520953
2018-09,7,0.0009844000421497133,-5289.610539362135
2018-09,8,0.0012332269776855445,-5681.275493110414
2018-09,9,0.0012384960531416317,-5993.7656447147165
2018-09,10,0.001281449413904445,-6185.964241684404
2018-09,11,0.0014547967580285908,-6344.447432486131
2018-09,12,0.0016440830047465878,-6513.701460662834
2018-10,1,0.00043726617357585503,-0.8841994083395532
2018-10,2,0.0006976981608228581,-2.6525982250186617
2018-10,3,0.0008361676131513874,-6.630049833695252
2018-10,4,0.0010242072705854842,-2088.075825965002
2018-10,5,0.0008957390595293138,-3664.110553678522
2018-10,6,0.0009039225087943761,-4587.084205725846
2018-10,7,0.0011517405527049587,-5338.577796239626
2018-10,8,0.001163773430433052,-5747.334677857332
2018-10,9,0.001212335627673223,-6059.734019948273
2018-10,10,0.0013819366089227406,-6240.272726021091
2018-10,11,0.0015742067370066904,-6409.526754197794
2018-10,12,0.0016150588012753741,-6590.087018497531
2018-11,1,0.00035624634569847696,-0.7885357814237322
2018-11,2,0.0006686137743044844,-3.883171236861978
2018-11,3,0.0008798544675248086,-5.561804341856015
2018-11,4,0.0007545695767308554,-2165.345583208037
2018-11,5,0.0007680793785112172,-3741.117465661083
2018-11,6,0.0010146204071605387,-4689.819819025909
2018-11,7,0.0010310705491801439,-5464.814810360152
2018-11,8,0.0010852182553906862,-5873.480882464496
2018-11,9,0.0012524621573353238,-6171.015597183049
2018-11,10,0.0014480165670087675,-6363.037304292069
2018-11,11,0.0014934648046920893,-6543.5975685918065
2018-11,12,0.0018209484879757052,-6713.119296142539
2018-12,1,0.00036377232159548467,-1.7586905895697975
2018-12,2,0.0007791992196891167,-5.759244016843164
2018-12,3,0.0006950785637161775,-11.710859089194084
2018-12,4,0.0007096660353640484,-2171.231792694901
2018-12,5,0.0009634696190532555,-3780.5661767389365
2018-12,6,0.0009851959945124137,-4755.61858556913
2018-12,7,0.0010414393695584298,-5530.522767390012
2018-12,8,0.0012044378072679747,-5922.187721138291
2018-12,9,0.0014022181830073551,-6234.410173368564
2018-12,10,0.0014525506126474167,-6438.4502802618445
2018-12,11,0.0017806677859649425,-6607.9720078125765
2018-12,12,0.002067910201095271,-6777.493735363309
2019-01,1,0.0004763185978205746,-2.3085267307918436
2019-01,2,0.0005988028825041239,-4.172589174386773
2019-01,3,0.0006448899542426511,-9.861358986263117
2019-01,4,0.0008972179250814798,-2208.6421034727705
2019-01,5,0.0009304133556332244,-3852.1603432556612
2019-01,6,0.0009884710193670044,-4827.121942572494
2019-01,7,0.0011493930187284045,-5578.615533086274
2019-01,8,0.0013540570707206963,-5987.1047153299505
2019-01,9,0.0014113537175057126,-6314.550303820002
2019-01,10,0.0017385183874050495,-6506.839710303051
2019-01,11,0.002027070697373758,-6676.361437853783
2019-02,1,0.00018963486564798878,-0.8841994083395532
2019-02,2,0.0004582997963435008,-2.485416591459906
2019-02,3,0.0007460408789822554,-10.401486900375847
2019-02,4,0.0007802151557013831,-2249.0633964155463
2019-02,5,0.000848403007770207,-3892.4908266850753
2019-02,6,0.001007072678760216,-4841.1931800499015
2019-02,7,0.001208052698847501,-5615.920472010115
2019-02,8,0.001263602008210264,-6041.769281497249
2019-02,9,0.001587770943863055,-6354.259433101552
2019-02,10,0.0018731895103258132,-6546.5488395846005
2019-03,1,0.0003229407095098457,-0.6213541478649767
2019-03,2,0.0007761754497884661,-1.2451353525072808
2019-03,3,0.000831142001984175,-12.009860306327807
2019-03,4,0.0008998870436491228,-2250.580960308137
2019-03,5,0.0010628844510973644,-3859.9153443521727
2019-03,6,0.0012595007154797538,-4834.7000538083375
2019-03,7,0.0013173087716604188,-5633.196445963043
2019-03,8,0.0016347759466396748,-6041.953327580749
2019-03,9,0.0019137710225586558,-6354.443479185052
2019-04,1,0.0005691857609675909,0.0
2019-04,2,0.000798495697628587,-0.2676993740292306
2019-04,3,0.0008793804240915925,-10.941614814488588
2019-04,4,0.0010388739096273054,-2209.7223593009962
2019-04,5,0.0012375004535514857,-3852.9728997098573
2019-04,6,0.0012943161417760963,-4854.375364005418
2019-04,7,0.001606959162770006,-5629.370355339661
2019-04,8,0.0018830081100803028,-6038.127236957367
2019-05,1,0.00036434981913852343,0.0
2019-05,2,0.000633831063486719,-0.17688986066806178
2019-05,3,0.0008182361533531492,-8.092960169584002
2019-05,4,0.001014935700709351,-2246.487170310725
2019-05,5,0.001080955778237904,-3924.1892658324705
2019-05,6,0.0013854365156198288,-4899.241674662664
2019-05,7,0.0016559390105164904,-5674.236665996907
2019-06,1,0.0003852546940643956,0.09080951336116883
2019-06,2,0.0007415575953788897,-0.5329716912811353
2019-06,3,0.0009587745529491326,-11.029997271072432
2019-06,4,0.0010246386653838093,-2289.573071814907
2019-06,5,0.0013262041775799842,-3933.0913115977974
2019-06,6,0.0015923396937095953,-4908.143720427991
2019-07,1,0.00048223392051197425,0.0
2019-07,2,0.0009024222678889584,0.0
2019-07,3,0.0009940871506451733,-13.6133795987251
2019-07,4,0.0012980087270876009,-2252.2752891138957
2019-07,5,0.0015617818401047392,-3895.7935288967865
2019-08,1,0.0005254868155258963,0.2676993740292306
2019-08,2,0.0007995881555610106,0.35608183061307186
2019-08,3,0.0011265851921528156,-10.408643123207455
2019-08,4,0.0013903551487420979,-2249.070552638378
2019-09,1,0.00038808880998854583,0.0
2019-09,2,0.0008942635425266054,-0.2676993740292306
2019-09,3,0.001191590831629849,-11.032424327849757
2019-10,1,0.0006113168407510311,0.0
2019-10,2,0.0010638930155438208,-0.2676993740292306
2019-11,1,0.0005737395362831769,0.0
